Topicblab,edawid0@auda.org.au,1 Pleasure Alley
Devshare,gbootell1@mit.edu,73 Canary Drive
Agimba,ngyves2@discovery.com,443 Cascade Park
Realblab,sbiddles3@list-manage.com,10840 Prairieview Road
Thoughtbridge,amousley4@huffingtonpost.com,84 Mockingbird Lane
Wordify,ehasluck5@smh.com.au,1207 Sloan Crossing
Flashset,vvaskin6@globo.com,6240 Arrowood Drive
Photolist,mcharpin7@washington.edu,95209 Brickson Park Plaza
Lazz,klennie8@github.io,2091 Meadow Valley Avenue
Kwideo,mveldstra9@apache.org,671 Melrose Park
Shufflester,rbrodeura@booking.com,7 Barby Drive
Wikido,kbuttfieldb@cafepress.com,0 Bultman Way
Tagopia,mdobbingc@discovery.com,6 Randy Park
Meevee,klarawayd@4shared.com,61493 Loomis Park
Shufflester,cwitnalle@ow.ly,807 Gerald Road
Eabox,sizaacf@wix.com,1711 4th Park
Quamba,astrydeg@delicious.com,50746 Mosinee Place
Voolith,kpilgerh@bloglines.com,7203 Carey Junction
Jabbertype,lyeldingi@skype.com,6 Wayridge Park
Topicstorm,mthornewillj@disqus.com,8 Oneill Drive
Brainverse,cprahlk@npr.org,58 Delladonna Alley
Npath,ghawyesl@istockphoto.com,25321 Westridge Court
Plambee,bberkelaym@homestead.com,3993 Lien Pass
Devpulse,morangen@vkontakte.ru,0658 Shelley Alley
Blogspan,hmcgeneayo@webeden.co.uk,69 Buena Vista Center
Minyx,rhanshawep@mapquest.com,44882 Summer Ridge Circle
Thoughtblab,tchecchetelliq@privacy.gov.au,73 Tennyson Park
Thoughtstorm,ofolanr@go.com,94622 Coolidge Plaza
Yombu,ddreschlers@clickbank.net,24 Larry Junction
Devshare,raspinwallt@hhs.gov,68 Surrey Avenue
