odio curabitur convallis,semper rutrum nulla nunc purus phasellus in felis donec semper sapien a,30
vestibulum ante,rhoncus mauris enim leo rhoncus sed vestibulum sit amet cursus id turpis,15
fermentum,in felis eu sapien cursus vestibulum proin eu mi,60
a nibh,quis justo maecenas rhoncus aliquam lacus morbi quis tortor id nulla ultrices,60
turpis eget,neque vestibulum eget vulputate ut ultrices,100
aliquam,congue etiam justo etiam pretium iaculis justo in hac habitasse platea dictumst etiam faucibus,140
primis in faucibus,amet erat nulla tempus vivamus in felis eu sapien cursus vestibulum proin eu mi nulla,60
elementum,rhoncus aliquam lacus morbi quis tortor id nulla ultrices aliquet,50
in,hac habitasse platea dictumst maecenas ut massa quis augue luctus tincidunt nulla mollis molestie lorem quisque ut,60
et,dapibus dolor vel est donec odio justo sollicitudin ut,140
ullamcorper,sapien cursus vestibulum proin eu mi,30
quam nec dui,neque libero convallis eget eleifend luctus ultricies eu nibh,140
neque duis bibendum,pellentesque eget nunc donec quis orci eget orci vehicula condimentum curabitur in libero ut massa volutpat convallis,100
nonummy integer,fermentum donec ut mauris eget massa tempor convallis nulla neque libero convallis eget eleifend luctus ultricies eu nibh quisque,15
sit amet turpis,ipsum praesent blandit lacinia erat vestibulum sed magna at,15
nulla justo,consequat morbi a ipsum integer a nibh in quis justo maecenas rhoncus aliquam,20
elementum eu interdum,erat quisque erat eros viverra eget,50
in lacus curabitur,justo sollicitudin ut suscipit a feugiat et,15
neque duis bibendum,velit id pretium iaculis diam erat fermentum justo nec condimentum neque sapien placerat ante nulla justo,20
gravida,gravida nisi at nibh in hac habitasse platea dictumst aliquam augue,30
